{"H": [0.0, 0.013595221846241545, 0.8334486184092275, 0.0, 0.0, 1.0, 1.0, 31.0, 1.0, 0.0, 0.0, 0.0, 0.0, 13.598443, 72.76899999999999, 1.00794], "He": [0.01051891086703496, 0.0, 0.0, 0.0, 0.0, 18.0, 1.0, 28.0, 1.0, 0.0, 0.0, 0.0, 0.0, 24.587387, -48.0, 4.002602], "Li": [0.4825200054041689, 0.06650752271674513, 0.0, 0.0, 0.0, 1.0, 2.0, 128.0, 0.0, 0.0, 1.0, 0.0, 0.0, 5.391719, 59.632, 6.941], "Be": [0.0, 0.9770302589228808, 0.004041891375922512, 0.0, 0.0, 2.0, 2.0, 96.0, 1.0, 0.0, 0.0, 0.0, 0.0, 9.3227, -48.0, 9.012182], "B": [0.0, 0.08099362023467871, 0.433200061601705, 0.0, 0.0, 13.0, 2.0, 84.0, 1.0, 0.0, 0.0, 0.0, 0.0, 8.29802, 26.989, 10.811], "C": [0.0, 0.0, 0.6637084849409888, 0.031470875680371914, 0.0, 14.0, 2.0, 76.0, 1.0, 0.0, 0.0, 0.0, 0.0, 11.2603, 121.77600000000001, 12.0107], "N": [0.0, 0.0, 0.010518910867034924, 0.8747222256148954, 0.0, 15.0, 2.0, 71.0, 1.0, 0.0, 0.0, 0.0, 0.0, 14.5341, -6.8, 14.0067], "O": [0.0, 0.0, 0.0, 0.4825200054041694, 0.06650752271674513, 16.0, 2.0, 66.0, 1.0, 0.0, 0.0, 0.0, 0.0, 13.61805, 140.976, 15.9994], "F": [0.0, 0.0, 0.0, 0.0019304541362277143, 1.0, 17.0, 2.0, 57.0, 1.0, 0.0, 0.0, 0.0, 0.0, 17.4228, 328.164, 18.998403], "Ne": [0.01051891086703496, 0.0, 0.0, 0.0, 0.0, 18.0, 2.0, 58.0, 1.0, 0.0, 0.0, 0.0, 0.0, 21.56454, -116.0, 20.1791], "Na": [0.6115804295070332, 0.03933615362960267, 0.0, 0.0, 0.0, 1.0, 3.0, 166.0, 0.0, 0.0, 1.0, 0.0, 0.0, 5.139076, 52.867, 22.989769], "Mg": [0.031470875680372, 0.6637084849409888, 0.0, 0.0, 0.0, 2.0, 3.0, 141.0, 0.0, 1.0, 0.0, 0.0, 0.0, 7.646235000000001, -40.0, 24.305], "Al": [0.0, 0.927474474207963, 0.007059798376623931, 0.0, 0.0, 13.0, 3.0, 121.0, 1.0, 0.0, 0.0, 0.0, 0.0, 5.985768, 41.762, 26.981539], "Si": [0.0, 0.261268407297241, 0.16537757387437776, 0.0, 0.0, 14.0, 3.0, 111.0, 1.0, 0.0, 0.0, 0.0, 0.0, 8.15168, 134.06799999999998, 28.0855], "P": [0.0, 0.015412852502268771, 0.8112825362801949, 0.0, 0.0, 15.0, 3.0, 107.0, 1.0, 0.0, 0.0, 0.0, 0.0, 10.48669, 72.03699999999999, 30.973762], "S": [0.0, 0.0, 0.5854376464497668, 0.04385533018931953, 0.0, 16.0, 3.0, 105.0, 1.0, 0.0, 0.0, 0.0, 0.0, 10.36001, 200.41, 32.065], "Cl": [0.0, 0.0, 0.0019304541362277024, 1.0, 0.0019304541362277143, 17.0, 3.0, 102.0, 1.0, 0.0, 0.0, 0.0, 0.0, 12.96763, 348.575, 35.453], "Ar": [0.01051891086703496, 0.0, 0.0, 0.0, 0.0, 18.0, 3.0, 106.0, 1.0, 0.0, 0.0, 0.0, 0.0, 15.75961, -96.0, 39.948], "K": [0.8747222256148957, 0.010518910867034943, 0.0, 0.0, 0.0, 1.0, 4.0, 203.0, 0.0, 0.0, 0.0, 1.0, 0.0, 4.340663, 48.383, 39.0983], "Ca": [0.43320006160170454, 0.08099362023467871, 0.0, 0.0, 0.0, 2.0, 4.0, 176.0, 0.0, 0.0, 1.0, 0.0, 0.0, 6.11316, 2.37, 40.078], "Sc": [0.017441040356625224, 0.7882392652973924, 0.0, 0.0, 0.0, 3.0, 4.0, 170.0, 0.0, 1.0, 0.0, 0.0, 0.0, 6.561489999999999, 18.0, 44.955912], "Ti": [0.0014178749054553198, 0.9962888783115738, 0.00260886510937635, 0.0, 0.0, 4.0, 4.0, 160.0, 0.0, 1.0, 0.0, 0.0, 0.0, 6.828119999999998, 7.289, 47.867], "V": [0.0, 0.8936239268419159, 0.009226818440984203, 0.0, 0.0, 5.0, 4.0, 153.0, 0.0, 1.0, 0.0, 0.0, 0.0, 6.74619, 50.911, 50.9415], "Cr": [0.0, 0.833448618409227, 0.013595221846241581, 0.0, 0.0, 6.0, 4.0, 139.0, 0.0, 1.0, 0.0, 0.0, 0.0, 6.76651, 65.21, 51.9961], "Mn": [0.0012117585475347249, 0.9916693376787928, 0.0030243820690943435, 0.0, 0.0, 7.0, 4.0, 139.0, 0.0, 1.0, 0.0, 0.0, 0.0, 7.4340199999999985, -50.0, 54.938045], "Fe": [0.0, 0.4093210356163589, 0.08913120809938983, 0.0, 0.0, 8.0, 4.0, 132.0, 0.0, 1.0, 0.0, 0.0, 0.0, 7.9024, 14.785, 55.845], "Co": [0.0, 0.2997998795200581, 0.13989890601118565, 0.0, 0.0, 9.0, 4.0, 126.0, 1.0, 0.0, 0.0, 0.0, 0.0, 7.881010000000002, 63.898, 58.933195], "Ni": [0.0, 0.24322240663352948, 0.1793067864533546, 0.0, 0.0, 10.0, 4.0, 124.0, 1.0, 0.0, 0.0, 0.0, 0.0, 7.6398, 111.65, 58.6934], "Cu": [0.0, 0.261268407297241, 0.16537757387437776, 0.0, 0.0, 11.0, 4.0, 132.0, 1.0, 0.0, 0.0, 0.0, 0.0, 7.726380000000002, 119.235, 63.54600000000001], "Zn": [0.0, 0.8546300825781202, 0.011969671079258618, 0.0, 0.0, 12.0, 4.0, 122.0, 1.0, 0.0, 0.0, 0.0, 0.0, 9.394199, -58.0, 65.38], "Ga": [0.0, 0.45762063172415873, 0.07346229145769134, 0.0, 0.0, 13.0, 4.0, 122.0, 0.0, 1.0, 0.0, 0.0, 0.0, 5.999301, 41.0, 69.723], "Ge": [0.0, 0.1073410106012434, 0.3634068395499856, 0.0, 0.0, 14.0, 4.0, 120.0, 1.0, 0.0, 0.0, 0.0, 0.0, 7.8994300000000015, 118.935, 72.64], "As": [0.0, 0.017441040356625224, 0.788239265297393, 0.0, 0.0, 15.0, 4.0, 119.0, 1.0, 0.0, 0.0, 0.0, 0.0, 9.7886, 77.65, 74.9216], "Se": [0.0, 0.0, 0.6637084849409888, 0.031470875680371914, 0.0, 16.0, 4.0, 120.0, 1.0, 0.0, 0.0, 0.0, 0.0, 9.75239, 194.958, 78.96], "Br": [0.0, 0.0, 0.02807089482692769, 0.6894904044579847, 0.0, 17.0, 4.0, 120.0, 1.0, 0.0, 0.0, 0.0, 0.0, 11.8138, 324.53700000000003, 79.904], "Kr": [0.0, 0.0, 0.017441040356625224, 0.7882392652973919, 0.0, 18.0, 4.0, 116.0, 1.0, 0.0, 0.0, 0.0, 0.0, 13.99961, -96.0, 83.79799999999999], "Rb": [0.8747222256148957, 0.010518910867034943, 0.0, 0.0, 0.0, 1.0, 5.0, 220.0, 0.0, 0.0, 0.0, 1.0, 0.0, 4.177128, 46.88399999999999, 85.4678], "Sr": [0.5593715240695314, 0.04880288767673533, 0.0, 0.0, 0.0, 2.0, 5.0, 195.0, 0.0, 0.0, 1.0, 0.0, 0.0, 5.69485, 5.023, 87.62], "Y": [0.08099362023467871, 0.43320006160170454, 0.0, 0.0, 0.0, 3.0, 5.0, 190.0, 0.0, 0.0, 1.0, 0.0, 0.0, 6.2173, 29.6, 88.90585], "Zr": [0.024991730433535697, 0.7149435039190912, 0.0, 0.0, 0.0, 4.0, 5.0, 175.0, 0.0, 1.0, 0.0, 0.0, 0.0, 6.6339, 41.806000000000004, 91.22399999999999], "Nb": [0.0, 0.9422464638110244, 0.006158166421211843, 0.0, 0.0, 5.0, 5.0, 164.0, 0.0, 1.0, 0.0, 0.0, 0.0, 6.75885, 88.516, 92.90638], "Mo": [0.0, 0.022209001822961323, 0.7399593521679598, 0.0, 0.0, 6.0, 5.0, 154.0, 0.0, 1.0, 0.0, 0.0, 0.0, 7.09243, 72.1, 95.96], "Tc": [0.0, 0.261268407297241, 0.16537757387437776, 0.0, 0.0, 7.0, 5.0, 147.0, 0.0, 1.0, 0.0, 0.0, 0.0, 7.28, 53.0, 98.0], "Ru": [0.0, 0.013595221846241545, 0.8334486184092275, 0.0, 0.0, 8.0, 5.0, 146.0, 0.0, 1.0, 0.0, 0.0, 0.0, 7.3605, 100.96, 101.07], "Rh": [0.0, 0.004659588783955424, 0.9670914425500973, 0.0, 0.0, 9.0, 5.0, 142.0, 0.0, 1.0, 0.0, 0.0, 0.0, 7.4589, 110.27, 102.9055], "Pd": [0.0, 0.013595221846241545, 0.8334486184092275, 0.0, 0.0, 10.0, 5.0, 139.0, 1.0, 0.0, 0.0, 0.0, 0.0, 8.3369, 54.24, 106.42], "Ag": [0.0, 0.20961138715109795, 0.20961138715109795, 0.0, 0.0, 11.0, 5.0, 145.0, 1.0, 0.0, 0.0, 0.0, 0.0, 7.576230000000002, 125.86200000000001, 107.8682], "Cd": [0.0, 0.7644281009616528, 0.019699463235440702, 0.0, 0.0, 12.0, 5.0, 144.0, 1.0, 0.0, 0.0, 0.0, 0.0, 8.99382, -68.0, 112.411], "In": [0.0, 0.5334733180668503, 0.05420773934754492, 0.0, 0.0, 13.0, 5.0, 142.0, 0.0, 1.0, 0.0, 0.0, 0.0, 5.78636, 37.043, 114.818], "Sn": [0.0, 0.16537757387437776, 0.261268407297241, 0.0, 0.0, 14.0, 5.0, 139.0, 1.0, 0.0, 0.0, 0.0, 0.0, 7.34392, 107.29799999999999, 118.71], "Sb": [0.0, 0.07346229145769134, 0.45762063172415873, 0.0, 0.0, 15.0, 5.0, 139.0, 1.0, 0.0, 0.0, 0.0, 0.0, 8.60839, 101.059, 121.76], "Te": [0.0, 0.04385533018931953, 0.585437646449768, 0.0, 0.0, 16.0, 5.0, 138.0, 1.0, 0.0, 0.0, 0.0, 0.0, 9.0096, 190.16099999999997, 127.6], "I": [0.0, 0.0, 0.38603995821134895, 0.09790422092620729, 0.0, 17.0, 5.0, 139.0, 1.0, 0.0, 0.0, 0.0, 0.0, 10.45126, 295.1531, 126.90447], "Xe": [0.0, 0.0, 0.5334733180668498, 0.054207739347544824, 0.0, 18.0, 5.0, 140.0, 1.0, 0.0, 0.0, 0.0, 0.0, 12.12984, -77.0, 131.293], "Cs": [0.927474474207963, 0.007059798376623912, 0.0, 0.0, 0.0, 1.0, 6.0, 244.0, 0.0, 0.0, 0.0, 0.0, 1.0, 3.893905, 45.505, 132.905452], "Ba": [0.714943503919091, 0.024991730433535718, 0.0, 0.0, 0.0, 2.0, 6.0, 215.0, 0.0, 0.0, 0.0, 1.0, 0.0, 5.211664, 13.954, 137.327], "La": [0.22600232457081884, 0.19404813765788181, 0.0, 0.0, 0.0, 3.0, 6.0, 207.0, 0.0, 0.0, 1.0, 0.0, 0.0, 5.5769, 53.0, 138.90547], "Ce": [0.19404813765788145, 0.22600232457081926, 0.0, 0.0, 0.0, 3.0, 6.0, 204.0, 0.0, 0.0, 1.0, 0.0, 0.0, 5.5387, 55.0, 140.116],