{"H": [0.0, 0.013595221846241545, 0.8334486184092275, 0.0, 0.0, 1.0, 0.0, 0.0, 0.0, 0.0], "He": [0.01051891086703496, 0.0, 0.0, 0.0, 0.0, 1.0, 0.0, 0.0, 0.0, 0.0], "Li": [0.4825200054041689, 0.06650752271674513, 0.0, 0.0, 0.0, 0.0, 0.0, 1.0, 0.0, 0.0], "Be": [0.0, 0.9770302589228808, 0.004041891375922512, 0.0, 0.0, 1.0, 0.0, 0.0, 0.0, 0.0], "B": [0.0, 0.08099362023467871, 0.433200061601705, 0.0, 0.0, 1.0, 0.0, 0.0, 0.0, 0.0], "C": [0.0, 0.0, 0.6637084849409888, 0.031470875680371914, 0.0, 1.0, 0.0, 0.0, 0.0, 0.0], "N": [0.0, 0.0, 0.010518910867034924, 0.8747222256148954, 0.0, 1.0, 0.0, 0.0, 0.0, 0.0], "O": [0.0, 0.0, 0.0, 0.4825200054041694, 0.06650752271674513, 1.0, 0.0, 0.0, 0.0, 0.0], "F": [0.0, 0.0, 0.0, 0.0019304541362277143, 1.0, 1.0, 0.0, 0.0, 0.0, 0.0], "Ne": [0.01051891086703496, 0.0, 0.0, 0.0, 0.0, 1.0, 0.0, 0.0, 0.0, 0.0], "Na": [0.6115804295070332, 0.03933615362960267, 0.0, 0.0, 0.0, 0.0, 0.0, 1.0, 0.0, 0.0], "Mg": [0.031470875680372, 0.6637084849409888, 0.0, 0.0, 0.0, 0.0, 1.0, 0.0, 0.0, 0.0], "Al": [0.0, 0.927474474207963, 0.007059798376623931, 0.0, 0.0, 1.0, 0.0, 0.0, 0.0, 0.0], "Si": [0.0, 0.261268407297241, 0.16537757387437776, 0.0, 0.0, 1.0, 0.0, 0.0, 0.0, 0.0], "P": [0.0, 0.015412852502268771, 0.8112825362801949, 0.0, 0.0, 1.0, 0.0, 0.0, 0.0, 0.0], "S": [0.0, 0.0, 0.5854376464497668, 0.04385533018931953, 0.0, 1.0, 0.0, 0.0, 0.0, 0.0], "Cl": [0.0, 0.0, 0.0019304541362277024, 1.0, 0.0019304541362277143, 1.0, 0.0, 0.0, 0.0, 0.0], "Ar": [0.01051891086703496, 0.0, 0.0, 0.0, 0.0, 1.0, 0.0, 0.0, 0.0, 0.0], "K": [0.8747222256148957, 0.010518910867034943, 0.0, 0.0, 0.0, 0.0, 0.0, 0.0, 1.0, 0.0], "Ca": [0.43320006160170454, 0.08099362023467871, 0.0, 0.0, 0.0, 0.0, 0.0, 1.0, 0.0, 0.0], "Sc": [0.017441040356625224, 0.7882392652973924, 0.0, 0.0, 0.0, 0.0, 1.0, 0.0, 0.0, 0.0], "Ti": [0.0014178749054553198, 0.9962888783115738, 0.00260886510937635, 0.0, 0.0, 0.0, 1.0, 0.0, 0.0, 0.0], "V": [0.0, 0.8936239268419159, 0.009226818440984203, 0.0, 0.0, 0.0, 1.0, 0.0, 0.0, 0.0], "Cr": [0.0, 0.833448618409227, 0.013595221846241581, 0.0, 0.0, 0.0, 1.0, 0.0, 0.0, 0.0], "Mn": [0.0012117585475347249, 0.9916693376787928, 0.0030243820690943435, 0.0, 0.0, 0.0, 1.0, 0.0, 0.0, 0.0], "Fe": [0.0, 0.4093210356163589, 0.08913120809938983, 0.0, 0.0, 0.0, 1.0, 0.0, 0.0, 0.0], "Co": [0.0, 0.2997998795200581, 0.13989890601118565, 0.0, 0.0, 1.0, 0.0, 0.0, 0.0, 0.0], "Ni": [0.0, 0.24322240663352948, 0.1793067864533546, 0.0, 0.0, 1.0, 0.0, 0.0, 0.0, 0.0], "Cu": [0.0, 0.261268407297241, 0.16537757387437776, 0.0, 0.0, 1.0, 0.0, 0.0, 0.0, 0.0], "Zn": [0.0, 0.8546300825781202, 0.011969671079258618, 0.0, 0.0, 1.0, 0.0, 0.0, 0.0, 0.0], "Ga": [0.0, 0.45762063172415873, 0.07346229145769134, 0.0, 0.0, 0.0, 1.0, 0.0, 0.0, 0.0], "Ge": [0.0, 0.1073410106012434, 0.3634068395499856, 0.0, 0.0, 1.0, 0.0, 0.0, 0.0, 0.0], "As": [0.0, 0.017441040356625224, 0.788239265297393, 0.0, 0.0, 1.0, 0.0, 0.0, 0.0, 0.0], "Se": [0.0, 0.0, 0.6637084849409888, 0.031470875680371914, 0.0, 1.0, 0.0, 0.0, 0.0, 0.0], "Br": [0.0, 0.0, 0.02807089482692769, 0.6894904044579847, 0.0, 1.0, 0.0, 0.0, 0.0, 0.0], "Kr": [0.0, 0.0, 0.017441040356625224, 0.7882392652973919, 0.0, 1.0, 0.0, 0.0, 0.0, 0.0], "Rb": [0.8747222256148957, 0.010518910867034943, 0.0, 0.0, 0.0, 0.0, 0.0, 0.0, 1.0, 0.0], "Sr": [0.5593715240695314, 0.04880288767673533, 0.0, 0.0, 0.0, 0.0, 0.0, 1.0, 0.0, 0.0], "Y": [0.08099362023467871, 0.43320006160170454, 0.0, 0.0, 0.0, 0.0, 0.0, 1.0, 0.0, 0.0], "Zr": [0.024991730433535697, 0.7149435039190912, 0.0, 0.0, 0.0, 0.0, 1.0, 0.0, 0.0, 0.0], "Nb": [0.0, 0.9422464638110244, 0.006158166421211843, 0.0, 0.0, 0.0, 1.0, 0.0, 0.0, 0.0], "Mo": [0.0, 0.022209001822961323, 0.7399593521679598, 0.0, 0.0, 0.0, 1.0, 0.0, 0.0, 0.0], "Tc": [0.0, 0.261268407297241, 0.16537757387437776, 0.0, 0.0, 0.0, 1.0, 0.0, 0.0, 0.0], "Ru": [0.0, 0.013595221846241545, 0.8334486184092275, 0.0, 0.0, 0.0, 1.0, 0.0, 0.0, 0.0], "Rh": [0.0, 0.004659588783955424, 0.9670914425500973, 0.0, 0.0, 0.0, 1.0, 0.0, 0.0, 0.0], "Pd": [0.0, 0.013595221846241545, 0.8334486184092275, 0.0, 0.0, 1.0, 0.0, 0.0, 0.0, 0.0], "Ag": [0.0, 0.20961138715109795, 0.20961138715109795, 0.0, 0.0, 1.0, 0.0, 0.0, 0.0, 0.0], "Cd": [0.0, 0.7644281009616528, 0.019699463235440702, 0.0, 0.0, 1.0, 0.0, 0.0, 0.0, 0.0], "In": [0.0, 0.5334733180668503, 0.05420773934754492, 0.0, 0.0, 0.0, 1.0, 0.0, 0.0, 0.0], "Sn": [0.0, 0.16537757387437776, 0.261268407297241, 0.0, 0.0, 1.0, 0.0, 0.0, 0.0, 0.0], "Sb": [0.0, 0.07346229145769134, 0.45762063172415873, 0.0, 0.0, 1.0, 0.0, 0.0, 0.0, 0.0], "Te": [0.0, 0.04385533018931953, 0.585437646449768, 0.0, 0.0, 1.0, 0.0, 0.0, 0.0, 0.0], "I": [0.0, 0.0, 0.38603995821134895, 0.09790422092620729, 0.0, 1.0, 0.0, 0.0, 0.0, 0.0], "Xe": [0.0, 0.0, 0.5334733180668498, 0.054207739347544824, 0.0, 1.0, 0.0, 0.0, 0.0, 0.0], "Cs": [0.927474474207963, 0.007059798376623912, 0.0, 0.0, 0.0, 0.0, 0.0, 0.0, 0.0, 1.0], "Ba": [0.714943503919091, 0.024991730433535718, 0.0, 0.0, 0.0, 0.0, 0.0, 0.0, 1.0, 0.0], "La": [0.22600232457081884, 0.19404813765788181, 0.0, 0.0, 0.0, 0.0, 0.0, 1.0, 0.0, 0.0], "Ce": [0.19404813765788145, 0.22600232457081926, 0.0, 0.0, 0.0, 0.0, 0.0, 1.0, 0.0, 0.0], "Pr": [0.1793067864533546, 0.2432224066335291, 0.0, 0.0, 0.0, 0.0, 0.0, 1.0, 0.0, 0.0], "Nd": [0.16537757387437776, 0.2612684072972406, 0.0, 0.0, 0.0, 0.0, 0.0, 1.0, 0.0, 0.0], "Pm": [0.14597640114006558, 0.28986653194655176, 0.0, 0.0, 0.0, 0.0, 0.0, 1.0, 0.0, 0.0], "Sm": [0.12831343490959393, 0.32025262174051844, 0.0, 0.0, 0.0, 0.0, 0.0, 1.0, 0.0, 0.0], "Eu": [0.11231688550930563, 0.3523471439749309, 0.0, 0.0, 0.0, 0.0, 0.0, 1.0, 0.0, 0.0], "Gd": [0.09790422092620729, 0.38603995821134945, 0.0, 0.0, 0.0, 0.0, 0.0, 1.0, 0.0, 0.0], "Tb": [0.08913120809938964, 0.4093210356163589, 0.0, 0.0, 0.0, 0.0, 0.0, 1.0, 0.0, 0.0], "Dy": [0.08099362023467871, 0.43320006160170454, 0.0, 0.0, 0.0, 0.0, 0.0, 1.0, 0.0, 0.0], "Ho": [0.07346229145769118, 0.45762063172415873, 0.0, 0.0, 0.0, 0.0, 0.0, 1.0, 0.0, 0.0], "Er": [0.06650752271674513, 0.4825200054041689, 0.0, 0.0, 0.0, 0.0, 0.0, 1.0, 0.0, 0.0], "Tm": [0.060099341454131865, 0.5078292278652552, 0.0, 0.0, 0.0, 0.0, 1.0, 0.0, 0.0, 0.0], "Yb": [0.054207739347544824, 0.5334733180668503, 0.0, 0.0, 0.0, 0.0, 1.0, 0.0, 0.0, 0.0], "Lu": [0.04880288767673533, 0.5593715240695314, 0.0, 0.0, 0.0, 0.0, 1.0, 0.0, 0.0, 0.0], "Hf": [0.035217136353533726, 0.6377040190916847, 0.0, 0.0, 0.0, 0.0, 1.0, 0.0, 0.0, 0.0], "Ta": [0.0026088651093763406, 0.9962888783115738, 0.001417874905455325, 0.0, 0.0, 0.0, 1.0, 0.0, 0.0, 0.0], "W": [0.0, 0.001417874905455325, 0.9962888783115738, 0.0026088651093763315, 0.0, 0.0, 1.0, 0.0, 0.0, 0.0], "Re": [0.0, 0.261268407297241, 0.16537757387437776, 0.0, 0.0, 0.0, 1.0, 0.0, 0.0, 0.0], "Os": [0.0, 0.013595221846241545, 0.8334486184092275, 0.0, 0.0, 0.0, 1.0, 0.0, 0.0, 0.0], "Ir": [0.0, 0.013595221846241545, 0.8334486184092275, 0.0, 0.0, 1.0, 0.0, 0.0, 0.0, 0.0], "Pt": [0.0, 0.004659588783955424, 0.9670914425500973, 0.0, 0.0, 1.0, 0.0, 0.0, 0.0, 0.0], "Au": [0.0, 0.0, 0.6894904044579847, 0.02807089482692769, 0.0, 1.0, 0.0, 0.0, 0.0, 0.0], "Hg": [0.0, 0.11746881423005238, 0.341465298283713, 0.0, 0.0, 1.0, 0.0, 0.0, 0.0, 0.0], "Tl": [0.0, 0.9112384919247316, 0.008078408604582024, 0.0, 0.0, 1.0, 0.0, 0.0, 0.0, 0.0], "Pb": [0.0, 0.002246255925638827, 0.999070925610834, 0.0016559696828630107, 0.0, 1.0, 0.0, 0.0, 0.0, 0.0], "Bi": [0.0, 0.09790422092620729, 0.38603995821135, 0.0, 0.0, 1.0, 0.0, 0.0, 0.0, 0.0], "Po": [0.0, 0.11746881423005238, 0.341465298283713, 0.0, 0.0, 1.0, 0.0, 0.0, 0.0, 0.0], "At": [0.0, 0.013595221846241545, 0.8334486184092275, 0.0, 0.0, 1.0, 0.0, 0.0, 0.0, 0.0], "Rn": [0.01051891086703496, 0.0, 0.0, 0.0, 0.0, 1.0, 0.0, 0.0, 0.0, 0.0], "Fr": [1.0, 0.0019304541362277093, 0.0, 0.0, 0.0, 0.0, 0.0, 0.0, 1.0, 0.0], "Ra": [0.6894904044579849, 0.028070894826927713, 0.0, 0.0, 0.0, 0.0, 0.0, 0.0, 1.0, 0.0], "Ac": [0.22600232457081884, 0.19404813765788181, 0.0, 0.0, 0.0, 0.0, 0.0, 1.0, 0.0, 0.0],