num,mae
228631.41994216718, 0.05023339833983398
100207.46830198239, 0.06493074307430746
46544.33038693014, 0.08157428242824288
21529.46824434735, 0.10349547454745484
9958.635112613372, 0.12791666666666668
4625.583409487159, 0.16400465046504648
2139.6021878122847, 0.21342584258425848
997.9296123782175, 0.2903472847284729
461.6006658852638, 0.3511573657365737
